{"v":"5.8.1","fr":60,"ip":0,"op":61,"w":1024,"h":1024,"nm":"emoji_Sunrise over mountain","ddd":0,"assets":[{"id":"comp_0","nm":"sun rays","fr":60,"layers":[{"ddd":0,"ind":1,"ty":4,"nm":"sun Outlines 2","td":1,"sr":1,"ks":{"o":{"a":0,"k":100,"ix":11},"r":{"a":0,"k":0,"ix":10},"p":{"a":0,"k":[527.96,683.88,0],"ix":2,"l":2},"a":{"a":0,"k":[198.93,198.93,0],"ix":1,"l":2},"s":{"a":0,"k":[109,109,100],"ix":6,"l":2}},"ao":0,"shapes":[{"ty":"gr","it":[{"ind":0,"ty":"sh","ix":1,"ks":{"a":0,"k":{"i":[[23.68,-34.721],[-24.88,-15.28],[-14.88,20.321],[20.88,18.159]],"o":[[-18.08,26.479],[21.44,13.2],[14.88,-20.399],[-14.24,-12.4]],"v":[[-25.84,-22.96],[-37.36,52.96],[16.56,13.359],[41.36,-53.76]],"c":true},"ix":2},"nm":"Path 1","mn":"ADBE Vector Shape - Group","hd":false},{"ty":"fl","c":{"a":0,"k":[1,1,0.987999949736,1],"ix":4},"o":{"a":0,"k":100,"ix":5},"r":1,"bm":0,"nm":"Fill 1","mn":"ADBE Vector Graphic - Fill","hd":false},{"ty":"tr","p":{"a":0,"k":[96.33,116.25],"ix":2},"a":{"a":0,"k":[0,0],"ix":1},"s":{"a":0,"k":[100,100],"ix":3},"r":{"a":0,"k":0,"ix":6},"o":{"a":0,"k":100,"ix":7},"sk":{"a":0,"k":0,"ix":4},"sa":{"a":0,"k":0,"ix":5},"nm":"Transform"}],"nm":"Group 1","np":2,"cix":2,"bm":0,"ix":1,"mn":"ADBE Vector Group","hd":false},{"ty":"gr","it":[{"ind":0,"ty":"sh","ix":1,"ks":{"a":0,"k":{"i":[[-124.88,-1.04],[-2.96,-110.88],[121.6,0],[-3.04,129.6]],"o":[[117.68,0.96],[2.96,110.88],[-104,0],[1.84,-84.4]],"v":[[2.44,-197.64],[195.72,3.48],[-7.32,198.679],[-195.64,-19.08]],"c":true},"ix":2},"nm":"Path 1","mn":"ADBE Vector Shape - Group","hd":false},{"ty":"fl","c":{"a":0,"k":[1,0.969000004787,0.702000038297,1],"ix":4},"o":{"a":0,"k":100,"ix":5},"r":1,"bm":0,"nm":"Fill 1","mn":"ADBE Vector Graphic - Fill","hd":false},{"ty":"tr","p":{"a":0,"k":[198.93,198.929],"ix":2},"a":{"a":0,"k":[0,0],"ix":1},"s":{"a":0,"k":[100,100],"ix":3},"r":{"a":0,"k":0,"ix":6},"o":{"a":0,"k":100,"ix":7},"sk":{"a":0,"k":0,"ix":4},"sa":{"a":0,"k":0,"ix":5},"nm":"Transform"}],"nm":"Group 2","np":2,"cix":2,"bm":0,"ix":2,"mn":"ADBE Vector Group","hd":false}],"ip":0,"op":300,"st":0,"bm":0},{"ddd":0,"ind":2,"ty":0,"nm":"sun rays","tt":2,"refId":"comp_1","sr":1,"ks":{"o":{"a":0,"k":100,"ix":11},"r":{"a":0,"k":0,"ix":10},"p":{"a":0,"k":[524,616,0],"ix":2,"l":2},"a":{"a":0,"k":[1000,1000,0],"ix":1,"l":2},"s":{"a":0,"k":[85,93,100],"ix":6,"l":2}},"ao":0,"w":2000,"h":2000,"ip":0,"op":300,"st":0,"bm":0}]},{"id":"comp_1","nm":"sun","fr":60,"layers":[{"ddd":0,"ind":1,"ty":4,"nm":"sun 2","td":1,"sr":1,"ks":{"o":{"a":0,"k":100,"ix":11},"r":{"a":0,"k":0,"ix":10},"p":{"a":0,"k":[999.05,999.97,0],"ix":2,"l":2},"a":{"a":0,"k":[481.65,481.61,0],"ix":1,"l":2},"s":{"a":0,"k":[112,119,100],"ix":6,"l":2}},"ao":0,"shapes":[{"ty":"gr","it":[{"ind":0,"ty":"sh","ix":1,"ks":{"a":0,"k":{"i":[[21.12,17.04],[17.92,-30.08],[-20.4,-10.32],[-14.24,23.12]],"o":[[-21.44,-17.28],[-16.16,27.12],[26.32,13.36],[14.08,-23.12]],"v":[[38.08,-52.72],[-35.6,-15.84],[-38.8,56.64],[17.52,10.88]],"c":true},"ix":2},"nm":"Path 1","mn":"ADBE Vector Shape - Group","hd":false},{"ty":"fl","c":{"a":0,"k":[1,0.991999966491,0.980000035903,1],"ix":4},"o":{"a":0,"k":100,"ix":5},"r":1,"bm":0,"nm":"Fill 1","mn":"ADBE Vector Graphic - Fill","hd":false},{"ty":"tr","p":{"a":0,"k":[376.89,479.53],"ix":2},"a":{"a":0,"k":[0,0],"ix":1},"s":{"a":0,"k":[100,100],"ix":3},"r":{"a":0,"k":0,"ix":6},"o":{"a":0,"k":100,"ix":7},"sk":{"a":0,"k":0,"ix":4},"sa":{"a":0,"k":0,"ix":5},"nm":"Transform"}],"nm":"Group 1","np":2,"cix":2,"bm":0,"ix":1,"mn":"ADBE Vector Group","hd":false},{"ty":"gr","it":[{"ind":0,"ty":"sh","ix":1,"ks":{"a":0,"k":{"i":[[137.36,-0.48],[-1.44,-128.08],[-133.52,1.52],[0.96,115.44]],"o":[[-117.2,0.48],[1.44,128.08],[137.04,-1.6],[-0.96,-115.52]],"v":[[1,-223.92],[-220.28,-10.845],[5,222.88],[220.76,-9.645]],"c":true},"ix":2},"nm":"Path 1","mn":"ADBE Vector Shape - Group","hd":false},{"ty":"fl","c":{"a":0,"k":[1,0.969000004787,0.702000038297,1],"ix":4},"o":{"a":0,"k":100,"ix":5},"r":1,"bm":0,"nm":"Fill 1","mn":"ADBE Vector Graphic - Fill","hd":false},{"ty":"tr","p":{"a":0,"k":[484.69,573.29],"ix":2},"a":{"a":0,"k":[0,0],"ix":1},"s":{"a":0,"k":[100,100],"ix":3},"r":{"a":0,"k":0,"ix":6},"o":{"a":0,"k":100,"ix":7},"sk":{"a":0,"k":0,"ix":4},"sa":{"a":0,"k":0,"ix":5},"nm":"Transform"}],"nm":"Group 2","np":2,"cix":2,"bm":0,"ix":2,"mn":"ADBE Vector Group","hd":false}],"ip":0,"op":300,"st":0,"bm":0},{"ddd":0,"ind":2,"ty":4,"nm":"rays Outlines","tt":2,"sr":1,"ks":{"o":{"a":0,"k":100,"ix":11},"r":{"a":0,"k":-4,"ix":10},"p":{"a":0,"k":[1002.291,1108.392,0],"ix":2,"l":2},"a":{"a":0,"k":[675.624,675.624,0],"ix":1,"l":2},"s":{"a":0,"k":[100,100,100],"ix":6,"l":2}},"ao":0,"shapes":[{"ty":"gr","it":[{"ty":"gr","it":[{"ind":0,"ty":"sh","ix":1,"ks":{"a":0,"k":{"i":[[0,0],[-9.494,-53.274],[0,0],[1.463,8.835],[0.494,8.3]],"o":[[9.279,52.886],[0,0],[-2.159,-8.312],[-1.393,-8.453],[0,0]],"v":[[-534.166,815.278],[-506.413,975.026],[445.701,739.107],[440.909,718.334],[438.97,696.887]],"c":true},"ix":2},"nm":"Path 1","mn":"ADBE Vector Shape - Group","hd":false},{"ind":1,"ty":"sh","ix":2,"ks":{"a":0,"k":{"i":[[0,0],[9.494,53.276],[0,0],[-1.463,-8.835],[-0.495,-8.301]],"o":[[-9.279,-52.886],[0,0],[2.159,8.311],[1.393,8.453],[0,0]],"v":[[1885.414,535.97],[1857.661,376.222],[905.172,609.086],[910.338,632.914],[912.695,655.241]],"c":true},"ix":2},"nm":"Path 2","mn":"ADBE Vector Shape - Group","hd":false},{"ind":2,"ty":"sh","ix":3,"ks":{"a":0,"k":{"i":[[0,0],[4.62,-53.919],[0,0],[-0.873,8.912],[-1.671,8.145]],"o":[[-4.724,53.487],[0,0],[0.066,-8.587],[0.842,-8.525],[0,0]],"v":[[-529.089,497.403],[-543.628,658.89],[438.016,678.769],[438.732,655.713],[441.773,634.834]],"c":true},"ix":2},"nm":"Path 3","mn":"ADBE Vector Shape - Group","hd":false},{"ind":3,"ty":"sh","ix":4,"ks":{"a":0,"k":{"i":[[0,0],[-4.62,53.919],[0,0],[0.873,-8.912],[1.671,-8.144]],"o":[[4.724,-53.487],[0,0],[-0.066,8.587],[-0.842,8.525],[0,0]],"v":[[1880.336,853.845],[1894.876,692.358],[914.573,670.765],[913.395,695.118],[910.816,714.699]],"c":true},"ix":2},"nm":"Path 4","mn":"ADBE Vector Shape - Group","hd":false},{"ind":4,"ty":"sh","ix":5,"ks":{"a":0,"k":{"i":[[0,0],[18.416,-50.884],[0,0],[-3.15,8.382],[-3.722,7.436]],"o":[[-18.407,50.44],[0,0],[2.286,-8.277],[3.02,-8.016],[0,0]],"v":[[-441.912,191.673],[-497.752,343.894],[445.318,617.638],[451,595.255],[460.122,574.741]],"c":true},"ix":2},"nm":"Path 5","mn":"ADBE Vector Shape - Group","hd":false},{"ind":5,"ty":"sh","ix":6,"ks":{"a":0,"k":{"i":[[0,0],[-18.416,50.884],[0,0],[3.15,-8.383],[3.721,-7.436]],"o":[[18.406,-50.44],[0,0],[-2.286,8.277],[-3.02,8.016],[0,0]],"v":[[1793.16,1159.574],[1848.999,1007.355],[908.106,733.654],[900.248,755.994],[891.588,775.211]],"c":true},"ix":2},"nm":"Path 6","mn":"ADBE Vector Shape - Group","hd":false},{"ind":6,"ty":"sh","ix":7,"ks":{"a":0,"k":{"i":[[0,0],[30.957,-44.385],[0,0],[-5.212,7.281],[-5.519,6.218]],"o":[[-30.835,43.957],[0,0],[4.351,-7.403],[4.991,-6.962],[0,0]],"v":[[-278.577,-81.076],[-371.911,51.505],[467.599,558.643],[479.455,539.856],[493.575,522.403]],"c":true},"ix":2},"nm":"Path 7","mn":"ADBE Vector Shape - Group","hd":false},{"ind":7,"ty":"sh","ix":8,"ks":{"a":0,"k":{"i":[[0,0],[-30.957,44.385],[0,0],[5.212,-7.282],[5.519,-6.218]],"o":[[30.834,-43.959],[0,0],[-4.35,7.404],[-4.991,6.962],[0,0]],"v":[[1629.825,1432.324],[1723.159,1299.743],[885.451,789.593],[871.792,811.392],[857.672,828.845]],"c":true},"ix":2},"nm":"Path 8","mn":"ADBE Vector Shape - Group","hd":false},{"ind":8,"ty":"sh","ix":9,"ks":{"a":0,"k":{"i":[[0,0],[41.392,-34.858],[0,0],[-6.92,5.684],[-6.941,4.578]],"o":[[-41.161,34.48],[0,0],[6.118,-6.026],[6.622,-5.432],[0,0]],"v":[[-50.215,-302.258],[-174.685,-198.35],[504.567,508.384],[521.28,493.71],[538.557,480.924]],"c":true},"ix":2},"nm":"Path 9","mn":"ADBE Vector Shape - Group","hd":false},{"ind":9,"ty":"sh","ix":10,"ks":{"a":0,"k":{"i":[[0,0],[-41.392,34.86],[0,0],[6.92,-5.684],[6.941,-4.578]],"o":[[41.161,-34.48],[0,0],[-6.118,6.025],[-6.622,5.433],[0,0]],"v":[[1401.463,1653.505],[1525.933,1549.597],[848.022,841.15],[829.968,857.537],[811.812,870.741]],"c":true},"ix":2},"nm":"Path 10","mn":"ADBE Vector Shape - Group","hd":false},{"ind":10,"ty":"sh","ix":11,"ks":{"a":0,"k":{"i":[[0,0],[49.003,-22.96],[0,0],[-8.155,3.7],[-7.889,2.626]],"o":[[-48.684,22.651],[0,0],[7.469,-4.236],[7.804,-3.532],[0,0]],"v":[[227.612,-456.798],[80.491,-388.646],[552.821,470.7],[573.621,459.96],[593.697,452.324]],"c":true},"ix":2},"nm":"Path 11","mn":"ADBE Vector Shape - Group","hd":false},{"ind":11,"ty":"sh","ix":12,"ks":{"a":0,"k":{"i":[[0,0],[-49.003,22.96],[0,0],[8.155,-3.7],[7.89,-2.626]],"o":[[48.683,-22.653],[0,0],[-7.469,4.237],[-7.804,3.533],[0,0]],"v":[[1123.636,1808.047],[1270.757,1739.893],[799.306,880.13],[777.627,891.287],[757.968,899.803]],"c":true},"ix":2},"nm":"Path 12","mn":"ADBE Vector Shape - Group","hd":false},{"ind":12,"ty":"sh","ix":13,"ks":{"a":0,"k":{"i":[[0,0],[53.276,-9.494],[0,0],[-8.835,1.463],[-8.3,0.494]],"o":[[-52.886,9.279],[0,0],[8.311,-2.159],[8.451,-1.394],[0,0]],"v":[[535.97,-534.166],[376.222,-506.413],[609.965,445.657],[632.915,440.91],[654.361,438.97]],"c":true},"ix":2},"nm":"Path 13","mn":"ADBE Vector Shape - Group","hd":false},{"ind":13,"ty":"sh","ix":14,"ks":{"a":0,"k":{"i":[[0,0],[22.96,49.003],[0,0],[-3.7,-8.155],[-2.626,-7.89]],"o":[[-22.652,-48.683],[0,0],[4.237,7.469],[3.533,7.803],[0,0]],"v":[[1808.046,227.612],[1739.894,80.491],[880.13,551.942],[891.286,573.621],[899.341,594.577]],"c":true},"ix":2},"nm":"Path 14","mn":"ADBE Vector Shape - Group","hd":false},{"ind":14,"ty":"sh","ix":15,"ks":{"a":0,"k":{"i":[[0,0],[-22.958,-49.003],[0,0],[3.7,8.155],[2.626,7.889]],"o":[[22.651,48.682],[0,0],[-4.237,-7.47],[-3.533,-7.803],[0,0]],"v":[[-456.798,1123.637],[-388.646,1270.758],[470.283,797.548],[459.961,777.626],[451.906,756.671]],"c":true},"ix":2},"nm":"Path 15","mn":"ADBE Vector Shape - Group","hd":false},{"ind":15,"ty":"sh","ix":16,"ks":{"a":0,"k":{"i":[[0,0],[-34.86,-41.39],[0,0],[5.684,6.92],[4.579,6.94]],"o":[[34.479,41.163],[0,0],[-6.025,-6.118],[-5.433,-6.622],[0,0]],"v":[[-302.258,1401.463],[-198.35,1525.931],[508.845,845.384],[493.71,829.968],[480.923,812.692]],"c":true},"ix":2},"nm":"Path 16","mn":"ADBE Vector Shape - Group","hd":false},{"ind":16,"ty":"sh","ix":17,"ks":{"a":0,"k":{"i":[[0,0],[34.86,41.392],[0,0],[-5.684,-6.919],[-4.578,-6.941]],"o":[[-34.48,-41.161],[0,0],[6.026,6.118],[5.433,6.623],[0,0]],"v":[[1653.506,-50.215],[1549.598,-174.685],[841.15,503.226],[857.538,521.279],[870.742,539.436]],"c":true},"ix":2},"nm":"Path 17","mn":"ADBE Vector Shape - Group","hd":false},{"ind":17,"ty":"sh","ix":18,"ks":{"a":0,"k":{"i":[[0,0],[-44.385,-30.96],[0,0],[7.282,5.212],[6.218,5.52]],"o":[[43.957,30.834],[0,0],[-7.404,-4.35],[-6.962,-4.991],[0,0]],"v":[[-81.076,1629.825],[51.507,1723.161],[560.358,884.989],[539.856,871.792],[523.238,859.43]],"c":true},"ix":2},"nm":"Path 18","mn":"ADBE Vector Shape - Group","hd":false},{"ind":18,"ty":"sh","ix":19,"ks":{"a":0,"k":{"i":[[0,0],[44.385,30.957],[0,0],[-7.281,-5.212],[-6.218,-5.519]],"o":[[-43.958,-30.834],[0,0],[7.404,4.351],[6.962,4.991],[0,0]],"v":[[1432.324,-278.578],[1299.741,-371.911],[790.89,466.258],[811.392,479.455],[828.845,493.575]],"c":true},"ix":2},"nm":"Path 19","mn":"ADBE Vector Shape - Group","hd":false},{"ind":19,"ty":"sh","ix":20,"ks":{"a":0,"k":{"i":[[0,0],[-50.884,-18.418],[0,0],[8.383,3.149],[7.435,3.721]],"o":[[50.44,18.407],[0,0],[-8.277,-2.286],[-8.016,-3.02],[0,0]],"v":[[191.673,1793.16],[343.894,1849],[618.473,907.688],[595.254,900.247],[576.038,891.588]],"c":true},"ix":2},"nm":"Path 20","mn":"ADBE Vector Shape - Group","hd":false},{"ind":20,"ty":"sh","ix":21,"ks":{"a":0,"k":{"i":[[0,0],[50.884,18.416],[0,0],[-8.383,-3.15],[-7.435,-3.721]],"o":[[-50.44,-18.407],[0,0],[8.277,2.285],[8.016,3.02],[0,0]],"v":[[1159.575,-441.912],[1007.353,-497.752],[732.775,443.56],[755.994,451],[776.506,460.122]],"c":true},"ix":2},"nm":"Path 21","mn":"ADBE Vector Shape - Group","hd":false},{"ind":21,"ty":"sh","ix":22,"ks":{"a":0,"k":{"i":[[0,0],[-53.919,-4.619],[0,0],[8.912,0.873],[8.145,1.67]],"o":[[53.486,4.725],[0,0],[-8.586,-0.065],[-8.525,-0.842],[0,0]],"v":[[497.403,1880.336],[658.89,1894.876],[678.307,914.528],[656.13,913.395],[637.01,909.52]],"c":true},"ix":2},"nm":"Path 22","mn":"ADBE Vector Shape - Group","hd":false},{"ind":22,"ty":"sh","ix":23,"ks":{"a":0,"k":{"i":[[0,0],[53.919,4.618],[0,0],[-8.913,-0.873],[-8.146,-1.671]],"o":[[-53.486,-4.724],[0,0],[8.587,0.065],[8.524,0.842],[0,0]],"v":[[853.845,-529.089],[692.357,-543.628],[670.765,436.676],[695.119,437.853],[715.997,440.893]],"c":true},"ix":2},"nm":"Path 23","mn":"ADBE Vector Shape - Group","hd":false},{"ind":23,"ty":"sh","ix":24,"ks":{"a":0,"k":{"i":[[0,0],[-53.276,9.494],[0,0],[8.835,-1.463],[8.3,-0.495]],"o":[[52.886,-9.279],[0,0],[-8.311,2.159],[-8.451,1.394],[0,0]],"v":[[815.278,1885.414],[975.025,1857.663],[740.865,904.711],[718.333,910.338],[697.766,911.86]],"c":true},"ix":2},"nm":"Path 24","mn":"ADBE Vector Shape - Group","hd":false},{"ty":"tr","p":{"a":0,"k":[675.624,675.624],"ix":2},"a":{"a":0,"k":[675.624,675.624],"ix":1},"s":{"a":0,"k":[100,100],"ix":3},"r":{"a":1,"k":[{"i":{"x":[0.833],"y":[0.833]},"o":{"x":[0.167],"y":[0.167]},"t":0,"s":[-4]},{"t":300,"s":[70.899]}],"ix":6},"o":{"a":0,"k":100,"ix":7},"sk":{"a":0,"k":0,"ix":4},"sa":{"a":0,"k":0,"ix":5},"nm":"Transform"}],"nm":"Group 1","np":24,"cix":2,"bm":0,"ix":1,"mn":"ADBE Vector Group","hd":false},{"ty":"gf","o":{"a":0,"k":100,"ix":10},"r":1,"bm":0,"g":{"p":5,"k":{"a":0,"k":[0.532,1,0.776,0.094,0.66,0.988,0.665,0.159,0.788,0.976,0.553,0.224,0.88,0.976,0.553,0.224,0.973,0.976,0.553,0.224,0.7,1,0.868,0.5,0.97,0],"ix":9}},"s":{"a":0,"k":[680.915,568.521],"ix":5},"e":{"a":0,"k":[719.606,-108.358],"ix":6},"t":2,"h":{"a":0,"k":0.108,"ix":7},"a":{"a":0,"k":250.19,"ix":8},"nm":"Gradient Fill 1","mn":"ADBE Vector Graphic - G-Fill","hd":false},{"ty":"tr","p":{"a":0,"k":[675.624,675.624],"ix":2},"a":{"a":0,"k":[675.624,675.624],"ix":1},"s":{"a":0,"k":[100,100],"ix":3},"r":{"a":0,"k":0,"ix":6},"o":{"a":0,"k":100,"ix":7},"sk":{"a":0,"k":0,"ix":4},"sa":{"a":0,"k":0,"ix":5},"nm":"Transform"}],"nm":"Group 1","np":2,"cix":2,"bm":0,"ix":1,"mn":"ADBE Vector Group","hd":false}],"ip":0,"op":300,"st":0,"bm":0}]}],"layers":[{"ddd":0,"ind":1,"ty":4,"nm":"mountain details 3","sr":1,"ks":{"o":{"a":0,"k":100,"ix":11},"r":{"a":0,"k":0,"ix":10},"p":{"a":0,"k":[441,806.4,0],"ix":2,"l":2},"a":{"a":0,"k":[410.85,187.93,0],"ix":1,"l":2},"s":{"a":0,"k":[100,100,100],"ix":6,"l":2}},"ao":0,"shapes":[{"ty":"gr","it":[{"ind":0,"ty":"sh","ix":1,"ks":{"a":0,"k":{"i":[[12,-20.24],[-10.08,-12.88],[0,0],[-12.88,-5.519],[-15.6,16.559],[-8.32,22.08],[-15.6,18.4],[-10.08,16.559],[0,0],[1.84,24.8],[15.6,-19.281],[13.76,-9.2],[0,0],[3.68,-6.4],[0,0]],"o":[[-5.84,9.92],[10.08,12.88],[0,0],[12.88,5.521],[15.6,-16.561],[8.24,-22.08],[15.6,-18.401],[10.08,-16.561],[0,0],[-1.84,-24.799],[-15.6,19.28],[-13.76,9.201],[0,0],[-3.68,6.399],[0,0]],"v":[[382.48,37.201],[398.08,74.881],[422.88,118.961],[428.4,158.48],[482.56,118.961],[527.6,56.48],[565.28,-16.079],[609.36,-60.159],[627.76,-107.919],[657.12,-146.48],[591.92,-93.199],[555.2,-58.32],[533.12,-45.44],[500.96,-18.799],[464.24,74.001]],"c":true},"ix":2},"nm":"Path 3","mn":"ADBE Vector Shape - Group","hd":false},{"ty":"gf","o":{"a":0,"k":100,"ix":10},"r":1,"bm":0,"g":{"p":5,"k":{"a":0,"k":[0.507,0.51,0.204,0.216,0.601,0.473,0.194,0.212,0.695,0.435,0.184,0.208,0.84,0.339,0.159,0.198,0.985,0.243,0.133,0.188],"ix":9}},"s":{"a":0,"k":[377,-279],"ix":5},"e":{"a":0,"k":[526.45,124.291],"ix":6},"t":2,"h":{"a":0,"k":1.816,"ix":7},"a":{"a":0,"k":-25.763,"ix":8},"nm":"Gradient Fill 1","mn":"ADBE Vector Graphic - G-Fill","hd":false},{"ty":"tr","p":{"a":0,"k":[60.57,191.77],"ix":2},"a":{"a":0,"k":[0,0],"ix":1},"s":{"a":0,"k":[100,100],"ix":3},"r":{"a":0,"k":0,"ix":6},"o":{"a":0,"k":100,"ix":7},"sk":{"a":0,"k":0,"ix":4},"sa":{"a":0,"k":0,"ix":5},"nm":"Transform"}],"nm":"Group 1","np":2,"cix":2,"bm":0,"ix":1,"mn":"ADBE Vector Group","hd":false}],"ip":0,"op":61,"st":0,"bm":0},{"ddd":0,"ind":2,"ty":4,"nm":"mountain details","sr":1,"ks":{"o":{"a":0,"k":100,"ix":11},"r":{"a":0,"k":0,"ix":10},"p":{"a":0,"k":[441,806.4,0],"ix":2,"l":2},"a":{"a":0,"k":[410.85,187.93,0],"ix":1,"l":2},"s":{"a":0,"k":[100,100,100],"ix":6,"l":2}},"ao":0,"shapes":[{"ty":"gr","it":[{"ind":0,"ty":"sh","ix":1,"ks":{"a":0,"k":{"i":[[11.04,13.84],[17.44,21.12],[-1.84,12.881],[-9.12,-5.441],[-23.92,-41.359],[-4.64,-4.64],[-11.92,-19.279],[3.68,-5.52],[23.92,19.281],[3.68,16.479]],"o":[[-18.24,-22.8],[-17.44,-21.119],[1.84,-12.88],[9.2,5.519],[23.92,41.36],[4.64,4.64],[11.92,19.28],[-3.68,5.52],[-23.92,-19.28],[-3.68,-16.561]],"v":[[234.64,-57.44],[182.32,-132.72],[163.04,-178.64],[190.56,-175.919],[253.84,-111.52],[288.88,-42.72],[317.36,-10.56],[366,90.48],[282.4,52.8],[245.68,-6.879]],"c":true},"ix":2},"nm":"Path 4","mn":"ADBE Vector Shape - Group","hd":false},{"ty":"gf","o":{"a":0,"k":100,"ix":10},"r":1,"bm":0,"g":{"p":5,"k":{"a":0,"k":[0.507,0.51,0.204,0.216,0.601,0.473,0.194,0.212,0.695,0.435,0.184,0.208,0.84,0.339,0.159,0.198,0.985,0.243,0.133,0.188],"ix":9}},"s":{"a":0,"k":[337,-172],"ix":5},"e":{"a":0,"k":[307.45,89.291],"ix":6},"t":2,"h":{"a":0,"k":2.569,"ix":7},"a":{"a":0,"k":-160.672,"ix":8},"nm":"Gradient Fill 1","mn":"ADBE Vector Graphic - G-Fill","hd":false},{"ty":"tr","p":{"a":0,"k":[60.57,191.77],"ix":2},"a":{"a":0,"k":[0,0],"ix":1},"s":{"a":0,"k":[100,100],"ix":3},"r":{"a":0,"k":0,"ix":6},"o":{"a":0,"k":100,"ix":7},"sk":{"a":0,"k":0,"ix":4},"sa":{"a":0,"k":0,"ix":5},"nm":"Transform"}],"nm":"Group 1","np":2,"cix":2,"bm":0,"ix":1,"mn":"ADBE Vector Group","hd":false}],"ip":0,"op":61,"st":0,"bm":0},{"ddd":0,"ind":3,"ty":4,"nm":"mountain details 2","sr":1,"ks":{"o":{"a":0,"k":100,"ix":11},"r":{"a":0,"k":0,"ix":10},"p":{"a":0,"k":[441,806.4,0],"ix":2,"l":2},"a":{"a":0,"k":[410.85,187.93,0],"ix":1,"l":2},"s":{"a":0,"k":[100,100,100],"ix":6,"l":2}},"ao":0,"shapes":[{"ty":"gr","it":[{"ind":0,"ty":"sh","ix":1,"ks":{"a":0,"k":{"i":[[0,0],[0.88,13.76],[4.64,30.32],[-3.68,14.72],[-10.08,-0.879],[-10.96,-23.84],[-14.72,-12.8],[-11.92,-5.52],[-7.36,-9.2],[-6.48,-6.48],[0,0]],"o":[[0,0],[-0.88,-13.76],[-4.56,-30.32],[3.68,-14.72],[10.08,0.881],[11.04,23.92],[14.72,12.88],[11.92,5.52],[7.36,9.2],[6.48,6.48],[0,0]],"v":[[145.36,183.84],[138.24,117.12],[130.88,44.56],[121.68,-43.6],[152,-65.681],[204.32,-17.04],[249.36,88.56],[307.2,122.56],[342.08,138.16],[356.8,162.08],[374.72,183.84]],"c":true},"ix":2},"nm":"Path 2","mn":"ADBE Vector Shape - Group","hd":false},{"ind":1,"ty":"sh","ix":2,"ks":{"a":0,"k":{"i":[[2,-3.199],[0,30.8],[0,0],[-18.32,27.28],[-7.52,7.919],[-3.6,-4.24],[2.4,-8.641],[3.44,-17.36],[6.4,-38.161],[6.96,-20.321]],"o":[[-29.76,-3.6],[0,0],[0,0],[18.32,-27.279],[9.36,-9.76],[5.36,6.161],[-1.92,6.719],[-3.44,17.361],[-6.48,38.16],[-6.96,20.319]],"v":[[-7.52,183.44],[-60.32,123.68],[-60.32,-62.72],[-25.36,-101.6],[21.52,-173.039],[54.96,-179.2],[53.76,-149.919],[40.96,-94.16],[30.24,14.001],[9.2,132.081]],"c":true},"ix":2},"nm":"Path 1","mn":"ADBE Vector Shape - Group","hd":false},{"ind":2,"ty":"sh","ix":3,"ks":{"a":0,"k":{"i":[[0,0],[16.56,-13.76],[15.6,-23.92],[0,0],[0,0],[0,0],[-1.84,43.201],[-1.84,17.44],[12.88,0],[10.96,-11.04],[7.36,-13.76]],"o":[[0,0],[-16.56,13.759],[-15.6,23.92],[0,0],[0,0],[0,0],[1.84,-43.2],[1.84,-17.44],[-12.88,0],[-11.04,11.04],[-7.36,13.841]],"v":[[651.6,22.48],[606.56,50.001],[549.6,122.56],[524.8,174.001],[520.8,183.76],[717.84,183.76],[736.96,50.88],[749.84,-106.16],[748,-153.04],[716.8,-111.68],[676.4,-77.68]],"c":true},"ix":2},"nm":"Path 5","mn":"ADBE Vector Shape - Group","hd":false},{"ty":"gf","o":{"a":0,"k":100,"ix":10},"r":1,"bm":0,"g":{"p":5,"k":{"a":0,"k":[0.093,0.51,0.204,0.216,0.271,0.473,0.194,0.212,0.45,0.435,0.184,0.208,0.64,0.339,0.159,0.198,0.83,0.243,0.133,0.188],"ix":9}},"s":{"a":0,"k":[429,-288],"ix":5},"e":{"a":0,"k":[435.45,110.291],"ix":6},"t":2,"h":{"a":0,"k":1.816,"ix":7},"a":{"a":0,"k":-25.763,"ix":8},"nm":"Gradient Fill 1","mn":"ADBE Vector Graphic - G-Fill","hd":false},{"ty":"tr","p":{"a":0,"k":[60.57,191.77],"ix":2},"a":{"a":0,"k":[0,0],"ix":1},"s":{"a":0,"k":[100,100],"ix":3},"r":{"a":0,"k":0,"ix":6},"o":{"a":0,"k":100,"ix":7},"sk":{"a":0,"k":0,"ix":4},"sa":{"a":0,"k":0,"ix":5},"nm":"Transform"}],"nm":"Group 1","np":4,"cix":2,"bm":0,"ix":1,"mn":"ADBE Vector Group","hd":false}],"ip":0,"op":61,"st":0,"bm":0},{"ddd":0,"ind":4,"ty":4,"nm":"mouintain","sr":1,"ks":{"o":{"a":0,"k":100,"ix":11},"r":{"a":0,"k":0,"ix":10},"p":{"a":0,"k":[511.76,743.2,0],"ix":2,"l":2},"a":{"a":0,"k":[481.61,251.13,0],"ix":1,"l":2},"s":{"a":0,"k":[100,100,100],"ix":6,"l":2}},"ao":0,"shapes":[{"ty":"gr","it":[{"ind":0,"ty":"sh","ix":1,"ks":{"a":0,"k":{"i":[[0,0],[0,0],[-33.2,0],[0,0],[0,33.2],[0,0],[10.8,15.441],[38.72,-1.519],[18.56,-13.92],[23.28,-12.401],[32.48,-34],[0,0],[43.28,41.76],[21.6,1.52],[0,0],[30.24,17.119],[8.08,-3.041],[15.44,-20.24]],"o":[[0,0],[0,33.2],[0,0],[33.2,0],[0,0],[0,0],[-10.8,-15.439],[-38.64,1.521],[-18.56,13.921],[-23.2,12.399],[-32.48,34],[0,0],[-43.36,-41.76],[-21.68,-1.52],[0,0],[-30.24,-17.121],[-8.08,3.04],[-26.08,34.241]],"v":[[-481.36,-98.8],[-481.36,190.72],[-421.2,250.88],[421.2,250.88],[481.36,190.72],[481.36,-111.04],[438.96,-149.441],[353.84,-194.321],[257.92,-158.721],[200.64,-116.959],[81.52,-14.88],[14.96,53.2],[-96.4,-82.959],[-184.56,-143.279],[-211.36,-137.04],[-286.96,-233.759],[-366.56,-238.8],[-434.08,-178.321]],"c":true},"ix":2},"nm":"Path 1","mn":"ADBE Vector Shape - Group","hd":false},{"ty":"gf","o":{"a":0,"k":100,"ix":10},"r":1,"bm":0,"g":{"p":5,"k":{"a":0,"k":[0.507,0.804,0.38,0.349,0.601,0.641,0.31,0.355,0.695,0.478,0.239,0.361,0.84,0.39,0.19,0.267,0.985,0.302,0.141,0.173],"ix":9}},"s":{"a":0,"k":[18,-262],"ix":5},"e":{"a":0,"k":[23.45,300.291],"ix":6},"t":2,"h":{"a":0,"k":5.967,"ix":7},"a":{"a":0,"k":2.496,"ix":8},"nm":"Gradient Fill 1","mn":"ADBE Vector Graphic - G-Fill","hd":false},{"ty":"tr","p":{"a":0,"k":[481.61,251.13],"ix":2},"a":{"a":0,"k":[0,0],"ix":1},"s":{"a":0,"k":[100,100],"ix":3},"r":{"a":0,"k":0,"ix":6},"o":{"a":0,"k":100,"ix":7},"sk":{"a":0,"k":0,"ix":4},"sa":{"a":0,"k":0,"ix":5},"nm":"Transform"}],"nm":"Group 1","np":2,"cix":2,"bm":0,"ix":1,"mn":"ADBE Vector Group","hd":false}],"ip":0,"op":61,"st":0,"bm":0},{"ddd":0,"ind":5,"ty":4,"nm":"sun Outlines","sr":1,"ks":{"o":{"a":0,"k":100,"ix":11},"r":{"a":0,"k":0,"ix":10},"p":{"a":0,"k":[527.96,683.88,0],"ix":2,"l":2},"a":{"a":0,"k":[198.93,198.93,0],"ix":1,"l":2},"s":{"a":0,"k":[100,100,100],"ix":6,"l":2}},"ao":0,"shapes":[{"ty":"gr","it":[{"ind":0,"ty":"sh","ix":1,"ks":{"a":0,"k":{"i":[[23.68,-34.721],[-24.88,-15.28],[-14.88,20.321],[20.88,18.159]],"o":[[-18.08,26.479],[21.44,13.2],[14.88,-20.399],[-14.24,-12.4]],"v":[[-25.84,-22.96],[-37.36,52.96],[16.56,13.359],[41.36,-53.76]],"c":true},"ix":2},"nm":"Path 1","mn":"ADBE Vector Shape - Group","hd":false},{"ty":"fl","c":{"a":0,"k":[1,1,0.987999949736,1],"ix":4},"o":{"a":0,"k":100,"ix":5},"r":1,"bm":0,"nm":"Fill 1","mn":"ADBE Vector Graphic - Fill","hd":false},{"ty":"tr","p":{"a":0,"k":[96.33,116.25],"ix":2},"a":{"a":0,"k":[0,0],"ix":1},"s":{"a":0,"k":[100,100],"ix":3},"r":{"a":0,"k":0,"ix":6},"o":{"a":0,"k":100,"ix":7},"sk":{"a":0,"k":0,"ix":4},"sa":{"a":0,"k":0,"ix":5},"nm":"Transform"}],"nm":"Group 1","np":2,"cix":2,"bm":0,"ix":1,"mn":"ADBE Vector Group","hd":false},{"ty":"gr","it":[{"ind":0,"ty":"sh","ix":1,"ks":{"a":0,"k":{"i":[[-124.88,-1.04],[-2.96,-110.88],[121.6,0],[-3.04,129.6]],"o":[[117.68,0.96],[2.96,110.88],[-104,0],[1.84,-84.4]],"v":[[2.44,-197.64],[195.72,3.48],[-7.32,198.679],[-195.64,-19.08]],"c":true},"ix":2},"nm":"Path 1","mn":"ADBE Vector Shape - Group","hd":false},{"ty":"fl","c":{"a":0,"k":[1,0.969000004787,0.702000038297,1],"ix":4},"o":{"a":0,"k":100,"ix":5},"r":1,"bm":0,"nm":"Fill 1","mn":"ADBE Vector Graphic - Fill","hd":false},{"ty":"tr","p":{"a":0,"k":[198.93,198.929],"ix":2},"a":{"a":0,"k":[0,0],"ix":1},"s":{"a":0,"k":[100,100],"ix":3},"r":{"a":0,"k":0,"ix":6},"o":{"a":0,"k":100,"ix":7},"sk":{"a":0,"k":0,"ix":4},"sa":{"a":0,"k":0,"ix":5},"nm":"Transform"}],"nm":"Group 2","np":2,"cix":2,"bm":0,"ix":2,"mn":"ADBE Vector Group","hd":false}],"ip":0,"op":61,"st":0,"bm":0},{"ddd":0,"ind":6,"ty":4,"nm":"sky 2","sr":1,"ks":{"o":{"a":0,"k":50,"ix":11},"r":{"a":0,"k":0,"ix":10},"p":{"a":0,"k":[511.8,512.72,0],"ix":2,"l":2},"a":{"a":0,"k":[481.65,481.61,0],"ix":1,"l":2},"s":{"a":0,"k":[100,100,100],"ix":6,"l":2}},"ao":0,"shapes":[{"ty":"gr","it":[{"ind":0,"ty":"sh","ix":1,"ks":{"a":0,"k":{"i":[[0,0],[33.2,0],[0,0],[0,-33.2],[0,0],[-33.2,0],[0,0],[0,33.2],[0,0]],"o":[[0,-33.2],[0,0],[-33.2,0],[0,0],[0,33.2],[0,0],[33.2,0],[0,0],[0,0]],"v":[[481.4,-421.2],[421.24,-481.36],[-421.24,-481.36],[-481.4,-421.2],[-481.4,421.2],[-421.24,481.36],[421.16,481.36],[481.32,421.2],[481.32,-421.2]],"c":true},"ix":2},"nm":"Path 1","mn":"ADBE Vector Shape - Group","hd":false},{"ty":"gf","o":{"a":0,"k":100,"ix":10},"r":1,"bm":0,"g":{"p":9,"k":{"a":0,"k":[0.24,0.992,0.655,0.173,0.297,0.99,0.647,0.18,0.355,0.988,0.639,0.188,0.481,0.975,0.573,0.247,0.607,0.961,0.506,0.306,0.702,0.812,0.471,0.416,0.798,0.663,0.435,0.525,0.881,0.557,0.41,0.602,0.965,0.451,0.384,0.678,0.623,0,0.811,0.5,1,1],"ix":9}},"s":{"a":0,"k":[-2,-60],"ix":5},"e":{"a":0,"k":[510,128],"ix":6},"t":2,"h":{"a":0,"k":0,"ix":7},"a":{"a":0,"k":0,"ix":8},"nm":"Gradient Fill 1","mn":"ADBE Vector Graphic - G-Fill","hd":false},{"ty":"tr","p":{"a":0,"k":[481.65,481.61],"ix":2},"a":{"a":0,"k":[0,0],"ix":1},"s":{"a":0,"k":[100,100],"ix":3},"r":{"a":0,"k":0,"ix":6},"o":{"a":0,"k":100,"ix":7},"sk":{"a":0,"k":0,"ix":4},"sa":{"a":0,"k":0,"ix":5},"nm":"Transform"}],"nm":"Group 1","np":2,"cix":2,"bm":0,"ix":1,"mn":"ADBE Vector Group","hd":false}],"ip":0,"op":61,"st":0,"bm":0},{"ddd":0,"ind":7,"ty":4,"nm":"sky 3","td":1,"sr":1,"ks":{"o":{"a":0,"k":100,"ix":11},"r":{"a":0,"k":0,"ix":10},"p":{"a":0,"k":[511.8,512.72,0],"ix":2,"l":2},"a":{"a":0,"k":[481.65,481.61,0],"ix":1,"l":2},"s":{"a":0,"k":[100,100,100],"ix":6,"l":2}},"ao":0,"shapes":[{"ty":"gr","it":[{"ind":0,"ty":"sh","ix":1,"ks":{"a":0,"k":{"i":[[0,0],[33.2,0],[0,0],[0,-33.2],[0,0],[-33.2,0],[0,0],[0,33.2],[0,0]],"o":[[0,-33.2],[0,0],[-33.2,0],[0,0],[0,33.2],[0,0],[33.2,0],[0,0],[0,0]],"v":[[481.4,-421.2],[421.24,-481.36],[-421.24,-481.36],[-481.4,-421.2],[-481.4,421.2],[-421.24,481.36],[421.16,481.36],[481.32,421.2],[481.32,-421.2]],"c":true},"ix":2},"nm":"Path 1","mn":"ADBE Vector Shape - Group","hd":false},{"ty":"gf","o":{"a":0,"k":100,"ix":10},"r":1,"bm":0,"g":{"p":9,"k":{"a":0,"k":[0.24,0.992,0.655,0.173,0.297,0.99,0.647,0.18,0.355,0.988,0.639,0.188,0.481,0.975,0.573,0.247,0.607,0.961,0.506,0.306,0.715,0.812,0.471,0.416,0.822,0.663,0.435,0.525,0.894,0.557,0.41,0.602,0.965,0.451,0.384,0.678],"ix":9}},"s":{"a":0,"k":[6,118],"ix":5},"e":{"a":1,"k":[{"i":{"x":0.667,"y":1},"o":{"x":0.333,"y":0},"t":14,"s":[718,120],"to":[7.667,-26.667],"ti":[1,24]},{"i":{"x":0.667,"y":1},"o":{"x":0.333,"y":0},"t":90,"s":[764,-40],"to":[-1,-24],"ti":[0,0]},{"i":{"x":0.667,"y":1},"o":{"x":0.333,"y":0},"t":156,"s":[712,-24],"to":[0,0],"ti":[0,0]},{"i":{"x":0.667,"y":1},"o":{"x":0.333,"y":0},"t":232,"s":[764,-40],"to":[0,0],"ti":[8.667,-2.667]},{"t":312,"s":[712,-24]}],"ix":6},"t":2,"h":{"a":0,"k":0,"ix":7},"a":{"a":0,"k":0,"ix":8},"nm":"Gradient Fill 1","mn":"ADBE Vector Graphic - G-Fill","hd":false},{"ty":"tr","p":{"a":0,"k":[481.65,481.61],"ix":2},"a":{"a":0,"k":[0,0],"ix":1},"s":{"a":0,"k":[100,100],"ix":3},"r":{"a":0,"k":0,"ix":6},"o":{"a":0,"k":100,"ix":7},"sk":{"a":0,"k":0,"ix":4},"sa":{"a":0,"k":0,"ix":5},"nm":"Transform"}],"nm":"Group 1","np":2,"cix":2,"bm":0,"ix":1,"mn":"ADBE Vector Group","hd":false}],"ip":0,"op":61,"st":0,"bm":0},{"ddd":0,"ind":8,"ty":0,"nm":"sun","tt":1,"refId":"comp_0","sr":1,"ks":{"o":{"a":0,"k":100,"ix":11},"r":{"a":0,"k":0,"ix":10},"p":{"a":0,"k":[512,512,0],"ix":2,"l":2},"a":{"a":0,"k":[512,512,0],"ix":1,"l":2},"s":{"a":0,"k":[100,100,100],"ix":6,"l":2}},"ao":0,"w":1024,"h":1024,"ip":0,"op":61,"st":0,"bm":0},{"ddd":0,"ind":9,"ty":4,"nm":"sky","sr":1,"ks":{"o":{"a":0,"k":100,"ix":11},"r":{"a":0,"k":0,"ix":10},"p":{"a":0,"k":[511.8,512.72,0],"ix":2,"l":2},"a":{"a":0,"k":[481.65,481.61,0],"ix":1,"l":2},"s":{"a":0,"k":[100,100,100],"ix":6,"l":2}},"ao":0,"shapes":[{"ty":"gr","it":[{"ind":0,"ty":"sh","ix":1,"ks":{"a":0,"k":{"i":[[0,0],[33.2,0],[0,0],[0,-33.2],[0,0],[-33.2,0],[0,0],[0,33.2],[0,0]],"o":[[0,-33.2],[0,0],[-33.2,0],[0,0],[0,33.2],[0,0],[33.2,0],[0,0],[0,0]],"v":[[481.4,-421.2],[421.24,-481.36],[-421.24,-481.36],[-481.4,-421.2],[-481.4,421.2],[-421.24,481.36],[421.16,481.36],[481.32,421.2],[481.32,-421.2]],"c":true},"ix":2},"nm":"Path 1","mn":"ADBE Vector Shape - Group","hd":false},{"ty":"gf","o":{"a":0,"k":100,"ix":10},"r":1,"bm":0,"g":{"p":9,"k":{"a":0,"k":[0.24,0.992,0.655,0.173,0.297,0.99,0.647,0.18,0.355,0.988,0.639,0.188,0.481,0.975,0.573,0.247,0.607,0.961,0.506,0.306,0.715,0.812,0.471,0.416,0.822,0.663,0.435,0.525,0.894,0.557,0.41,0.602,0.965,0.451,0.384,0.678],"ix":9}},"s":{"a":0,"k":[6,118],"ix":5},"e":{"a":0,"k":[718,120],"ix":6},"t":2,"h":{"a":0,"k":0,"ix":7},"a":{"a":0,"k":0,"ix":8},"nm":"degrade sky","mn":"ADBE Vector Graphic - G-Fill","hd":false},{"ty":"tr","p":{"a":0,"k":[481.65,481.61],"ix":2},"a":{"a":0,"k":[0,0],"ix":1},"s":{"a":0,"k":[100,100],"ix":3},"r":{"a":0,"k":0,"ix":6},"o":{"a":0,"k":100,"ix":7},"sk":{"a":0,"k":0,"ix":4},"sa":{"a":0,"k":0,"ix":5},"nm":"Transform"}],"nm":"sky","np":2,"cix":2,"bm":0,"ix":1,"mn":"ADBE Vector Group","hd":false}],"ip":0,"op":61,"st":0,"bm":0}],"markers":[{"tm":14,"cm":"rest","dr":0}]}